Model,Accuracy,Precision,Recall,F1-Score,ROC-AUC
decision_tree,0.7154471544715447,0.7647058823529411,0.8125,0.7878787878787878,0.6736918604651163
random_forest,0.7723577235772358,0.7549019607843137,0.9625,0.8461538461538461,0.7718023255813954
logistic_regression,0.7886178861788617,0.7596153846153846,0.9875,0.8586956521739131,0.7450581395348838
polynomial_logistic,0.7886178861788617,0.7647058823529411,0.975,0.8571428571428571,0.727906976744186
svm,0.7804878048780488,0.7572815533980582,0.975,0.8524590163934426,0.6968023255813953
knn,0.7479674796747967,0.7474747474747475,0.925,0.8268156424581006,0.7127906976744186
